attrib1,attrib2,attrib3,class
1.595781,5.540723,9.109505,groupA
2.657896,1.166703,1.368305,groupA
0.901466,4.374227,3.207844,groupA
1.396138,5.965788,9.472602,groupA
7.308782,4.100808,2.077148,groupB
3.667713,5.634773,2.416056,groupA
9.989808,6.304049,9.09584,groupB
7.173224,9.624146,2.094927,groupB
7.070442,7.233716,5.094929,groupB
6.799354,2.800016,6.039837,groupB
2.991263,0.842521,5.57856,groupA
5.767116,1.310681,0.420465,groupA
6.437117,0.083517,5.46374,groupA
5.270359,4.176354,8.604973,groupA
7.886097,0.079937,0.410431,groupA
0.279263,7.716931,5.548937,groupA
9.002531,0.358949,3.764263,groupA
4.509639,4.86557,4.597022,groupA
4.075749,3.356578,1.378807,groupA
4.871372,0.720373,9.72016,groupA
5.307896,1.8881,4.665753,groupA
2.74585,4.152034,1.95444,groupA
3.601931,0.973726,2.264571,groupA
0.965814,1.443545,5.405351,groupA
2.981654,1.588645,3.606739,groupA
2.707313,4.816024,7.181458,groupA
3.307224,5.052657,1.645982,groupA
5.192355,2.020534,3.459391,groupA
2.678982,3.060861,0.147462,groupA
3.461688,0.3418,1.088107,groupA
3.207672,4.967103,6.019703,groupA
0.45032,3.72036,5.727322,groupA
1.984864,0.320629,3.746397,groupA
3.068699,6.365771,5.45782,groupA
2.309402,2.937285,8.134777,groupA
4.88236,3.311718,4.036361,groupA
8.764427,7.442496,4.232327,groupB
4.97065,4.379751,2.791973,groupA
5.449983,1.848429,9.26603,groupA
2.678137,5.733335,8.026511,groupA
1.323628,0.36613,4.084901,groupA
2.530651,4.697674,2.779473,groupA
0.567338,7.715187,5.459671,groupA
3.884593,0.083323,1.213099,groupA
0.30244,4.290805,0.601529,groupA
0.449474,8.139868,5.9486,groupA
6.521075,0.490176,3.260421,groupA
2.867338,3.342021,7.252815,groupA
4.277001,9.991834,0.619018,groupB
3.629822,5.170598,2.954908,groupA
3.221344,3.769585,4.596191,groupA
4.07753,3.041234,0.36764,groupA
2.396647,5.663459,7.651438,groupA
3.154719,6.336452,9.433202,groupA
5.567608,0.152584,3.006656,groupA
7.155725,7.433696,9.291026,groupB
2.933958,6.24684,2.714767,groupA
3.064828,8.805987,6.304014,groupB
7.912864,1.066383,7.236359,groupA
8.155089,0.187398,6.931556,groupA
6.936168,1.660657,4.108494,groupA
2.424145,1.764081,5.417378,groupA
1.465021,1.125904,7.867003,groupA
3.653057,7.637549,3.226692,groupB
1.575633,6.463965,3.314826,groupA
0.302342,6.688943,8.741106,groupA
3.44755,2.313806,4.062957,groupA
4.991308,3.878821,3.229195,groupA
0.227334,6.423847,6.220274,groupA
1.044509,1.412298,6.019499,groupA
2.41518,1.114919,3.875862,groupA
0.358288,6.304748,0.293439,groupA
7.331289,0.862226,1.512968,groupA
3.465028,2.311011,7.071562,groupA
2.016266,2.888429,8.76207,groupA
4.444566,6.915212,7.190757,groupB
0.172774,9.150788,0.656821,groupA
1.3938,7.903412,1.484619,groupA
0.965466,1.552952,6.577202,groupA
3.846384,5.630447,6.81924,groupA
4.169065,2.470288,0.609491,groupA
7.899259,0.170115,8.040599,groupA
1.811987,7.078603,8.70154,groupA
3.489928,2.785471,5.383895,groupA
0.903912,6.92595,3.460811,groupA
0.333218,3.851972,6.772137,groupA
0.235999,8.841204,7.236276,groupA
9.965235,2.391064,4.451813,groupB
7.75579,1.680391,2.089201,groupA
2.013227,5.455555,1.278871,groupA
1.732497,1.261696,7.343869,groupA
2.99651,5.344782,1.782582,groupA
1.198454,1.931869,4.012733,groupA
3.627074,2.855753,6.763102,groupA
3.280389,5.972531,3.396511,groupA
0.929378,2.127831,7.40848,groupA
2.483236,3.452267,7.460431,groupA
0.719806,3.978023,0.49704,groupA
3.599029,0.245191,8.071493,groupA
2.112057,1.198445,6.906834,groupA
0.278477,5.421323,8.92848,groupA
8.628588,0.517204,6.5162,groupA
5.726283,1.687081,0.284998,groupA
1.046064,5.735984,9.887471,groupA
4.495106,1.408073,1.634632,groupA
2.486406,6.041642,1.076574,groupA
2.097789,5.986477,0.430788,groupA
0.298875,1.474735,1.235401,groupA
0.725093,4.011179,0.959473,groupA
0.817946,1.233661,4.259137,groupA
4.202677,3.165164,2.481197,groupA
3.848182,1.669157,8.401499,groupA
0.64722,8.32853,5.713884,groupA
3.752097,4.523946,8.184503,groupA
6.380043,2.112957,5.336465,groupA
0.894352,6.863722,3.851222,groupA
2.03203,5.309769,0.393861,groupA
7.237512,7.76991,2.422761,groupB
4.174795,4.597661,2.502227,groupA
6.114321,0.428,1.656573,groupA
1.362646,3.819554,8.400308,groupA
9.380305,2.664167,2.291714,groupB
8.760045,0.380967,6.651444,groupA
2.259268,4.839821,1.445456,groupA
3.320947,4.075934,1.322724,groupA
2.504026,2.108412,9.33413,groupA
5.946311,8.098898,5.149291,groupB
6.187219,0.546614,2.479983,groupA
1.177706,5.057751,1.455805,groupA
3.375664,3.993823,7.329793,groupA
4.761437,1.641264,5.055511,groupA
3.592251,4.599903,4.030945,groupA
2.484741,4.815351,7.368135,groupA
3.501314,4.817029,8.451843,groupA
5.281956,3.879033,6.54597,groupA
2.976008,5.969724,8.243264,groupA
0.248256,1.625124,6.251423,groupA
3.138432,6.278834,5.08324,groupA
0.800029,4.492175,6.230771,groupA
6.2902,2.090866,3.748312,groupA
3.055135,3.522905,9.648243,groupA
5.837433,3.697525,9.45992,groupB
0.350537,5.312595,5.812873,groupA
3.894603,4.481578,4.487307,groupA
1.269938,2.697929,5.79157,groupA
1.354909,6.330764,2.884545,groupA
5.533085,1.2577,4.605826,groupA
8.471405,0.667601,0.606006,groupA
2.045461,0.784783,5.47653,groupA
3.15315,6.961129,0.948774,groupB
2.969074,2.587839,2.077982,groupA
3.375444,3.279109,5.773957,groupA
2.501772,6.866036,7.784838,groupA
0.732222,0.013935,7.55983,groupA
3.150362,0.355796,8.927645,groupA
0.452169,7.425381,9.605305,groupA
3.89802,1.755758,0.269705,groupA
0.320969,5.822833,2.476549,groupA
1.449952,5.450233,7.738712,groupA
6.578005,2.0824,1.706436,groupA
2.851559,1.934957,5.819821,groupA
2.318465,4.890813,4.100624,groupA
4.928598,1.842629,5.997764,groupA
1.95969,4.729821,3.037412,groupA
6.219852,1.372753,2.22678,groupA
0.13051,7.027163,8.441163,groupA
4.555267,3.839656,3.056623,groupA
4.892254,3.566431,0.605878,groupA
5.256122,2.305531,3.18063,groupA
0.661935,0.901893,9.621221,groupA
6.902443,1.69246,2.131759,groupA
5.188796,3.471172,5.492339,groupA
3.596644,0.576605,6.935736,groupA
2.696494,3.776976,9.089744,groupA
5.18696,2.158174,9.75389,groupA
1.093979,5.587997,5.678331,groupA
0.946326,1.377818,6.338394,groupA
2.601682,0.986035,7.90858,groupA
9.690972,3.499857,2.728864,groupB
7.660328,2.087816,9.451021,groupB
7.498232,0.254828,4.710487,groupA
4.115824,2.976044,7.744053,groupA
1.080333,1.552893,5.705668,groupA
1.176446,6.521425,7.066191,groupA
6.961119,0.398684,1.641398,groupA
1.26484,7.832777,4.603736,groupA
2.986758,5.750044,2.032321,groupA
1.269351,4.478229,3.243535,groupA
2.148099,8.337721,2.557163,groupB
1.706067,5.405265,5.559919,groupA
1.895316,4.782011,6.208179,groupA
5.513668,0.573248,5.611356,groupA
1.514004,3.771331,5.316609,groupA
4.61638,0.953112,0.336419,groupA
2.074764,0.298605,6.940708,groupA
6.210869,0.964437,0.496138,groupA
6.292443,1.664561,1.24517,groupA
2.198681,6.532967,1.246343,groupA
7.95177,1.027285,6.588919,groupA
8.822352,8.799772,0.604599,groupB
2.865702,0.152818,4.952062,groupA
4.572813,3.14401,1.456193,groupA
2.053314,7.026543,0.854426,groupA
7.537834,1.379638,6.065749,groupA
0.072323,4.709402,7.347964,groupA
4.994708,3.823021,0.464939,groupA
1.384188,0.10864,0.137266,groupA
1.511363,5.225369,7.204564,groupA
3.509351,2.954725,7.824724,groupA
1.548635,1.512261,5.472479,groupA
2.900965,1.325921,4.134686,groupA
0.720148,6.493934,5.941873,groupA
6.62808,1.058019,6.974046,groupA
0.860924,1.261263,2.160246,groupA
0.591766,6.046203,3.7058,groupA
7.556895,1.08775,0.683452,groupA
1.433356,1.016555,9.205864,groupA
1.899407,4.584421,9.07752,groupA
1.440925,3.714634,7.94367,groupA
0.9656,8.094872,4.315789,groupA
3.386648,3.535963,0.857203,groupA
1.099767,7.868212,1.648907,groupA
6.141382,1.662107,8.338484,groupA
1.18266,0.241442,9.761001,groupA
2.389391,2.668865,7.596492,groupA
1.764403,3.962302,8.034545,groupA
4.002598,1.51899,6.26706,groupA
4.554858,1.475904,9.124593,groupA
0.285754,7.889138,9.561423,groupA
4.812478,0.323555,5.125023,groupA
8.643764,7.989182,3.497806,groupB
0.393933,1.948945,4.921787,groupA
5.67687,3.234776,0.863381,groupA
0.703535,8.073334,9.249794,groupA
2.560526,4.704219,9.717666,groupA
7.835861,1.206069,5.752312,groupA
1.659447,4.082987,3.517784,groupA
1.548591,0.241476,6.089165,groupA
3.516559,4.394421,9.542141,groupA
4.503208,3.345659,9.837236,groupA
4.559892,2.285036,4.475059,groupA
0.132999,7.60523,5.912798,groupA
0.16756,1.518664,6.518035,groupA
1.957111,3.393757,2.28815,groupA
3.072965,1.94649,5.586823,groupA
2.385895,3.082594,3.32603,groupA
0.413285,3.921889,9.840065,groupA
6.696159,5.177064,5.543976,groupB
0.003141,4.255035,3.262357,groupA
0.196948,9.101641,8.817774,groupA
2.115836,2.01651,9.177286,groupA
5.796217,1.257744,9.66027,groupA
1.747767,6.664602,1.099955,groupA
6.548779,2.257151,1.802035,groupA
4.783721,8.7529,4.124413,groupB
1.679786,6.548562,2.311931,groupA
1.417123,4.017799,2.331905,groupA
3.200764,3.048854,3.715155,groupA
3.495475,0.431164,5.426632,groupA
0.397591,0.634498,0.161651,groupA
0.17003,4.904988,9.68608,groupA
8.276463,0.215388,1.74323,groupA
2.496578,3.543048,7.158625,groupA
1.239142,1.96419,1.33893,groupA
0.166101,5.90571,3.152865,groupA
1.529246,1.44844,0.839814,groupA
6.031253,3.671121,6.318421,groupB
3.998014,2.549574,5.661808,groupA
0.913223,4.328824,0.218533,groupA
0.956453,4.420397,3.346732,groupA
6.027195,5.52196,5.305308,groupB
1.099368,4.255594,0.758184,groupA
1.655577,9.223078,9.960623,groupB
0.683678,8.141875,6.787439,groupA
5.747145,1.897832,5.994242,groupA
2.696606,0.872457,6.242094,groupA
5.143378,2.418795,2.968713,groupA
2.473768,2.019866,7.792891,groupA
0.390408,0.115367,3.791096,groupA
5.637129,3.796982,6.353493,groupA
3.565581,5.897145,5.210062,groupA
5.958638,0.755488,9.69271,groupA
5.746827,0.566081,4.940604,groupA
5.276808,1.665258,6.882766,groupA
0.62569,8.158017,6.63279,groupA
2.45419,5.959562,3.196885,groupA
5.993576,0.180324,6.338553,groupA
0.779597,8.186594,6.541033,groupA
6.496846,0.188723,8.895259,groupA
3.698062,3.402213,1.313928,groupA
4.612933,1.183295,0.697903,groupA
7.171161,2.10439,5.535664,groupA
0.586655,6.731912,5.255517,groupA
4.155181,1.5624,4.003458,groupA
0.207474,5.054914,3.226054,groupA
0.104862,1.930965,0.314251,groupA
5.013683,0.812481,8.924678,groupA
3.855597,3.15158,4.258943,groupA
0.676839,1.399738,9.599012,groupA
5.396068,2.13539,4.1569,groupA
0.615992,7.762712,7.298299,groupA
2.149248,5.54312,9.890988,groupA
5.747813,2.45224,6.243389,groupA
6.987584,2.218887,7.89777,groupA
4.396502,2.595719,5.958998,groupA
1.037875,4.783445,4.774728,groupA
4.212067,3.124439,0.702583,groupA
5.067741,0.467234,2.116561,groupA
3.123308,8.884202,7.217687,groupB
4.334926,0.034449,7.213049,groupA
4.155823,3.718156,5.51101,groupA
3.301229,0.276614,8.246135,groupA
0.276622,4.790213,2.874709,groupA
6.591835,1.50614,9.088575,groupA
1.825552,3.416824,1.604348,groupA
0.800439,7.463428,3.707241,groupA
2.201556,1.793924,1.690935,groupA
0.697185,4.516947,8.461072,groupA
1.524877,5.207448,3.300766,groupA
0.929099,0.093057,0.695906,groupA
4.152497,3.856459,5.858898,groupA
7.555569,1.276756,3.774687,groupA
0.790421,6.512292,2.403982,groupA
0.964774,4.212109,8.456876,groupA
4.129655,0.42988,1.104129,groupA
2.677349,7.464355,6.938044,groupB
3.771028,2.656663,5.825852,groupA
6.186874,0.176451,9.888885,groupA
5.02324,2.384762,8.496191,groupA
3.219045,0.041237,7.671469,groupA
1.369583,5.158587,1.744637,groupA
2.746957,1.552267,2.997353,groupA
2.660847,5.334631,8.936347,groupA
8.029626,0.420898,9.655838,groupA
4.998883,4.268222,6.114877,groupA
1.899509,5.886518,5.325408,groupA
6.933192,0.65875,3.818413,groupA
0.385389,9.030625,5.309102,groupA
6.153999,0.861922,1.154875,groupA
7.490425,1.26085,8.6628,groupA
5.922551,0.165209,8.186078,groupA
1.156689,1.391049,5.585224,groupA
0.201706,5.897096,3.059813,groupA
0.768732,0.941639,8.897038,groupA
2.182176,3.546051,9.30851,groupA
5.639941,0.311739,6.192235,groupA
3.495778,3.803232,2.463376,groupA
5.06804,2.613946,6.666114,groupA
1.676987,3.03181,0.527982,groupA
2.681753,6.238736,8.614501,groupA
1.262182,2.872511,9.356609,groupA
4.640541,2.867477,3.345564,groupA
0.981804,6.38435,9.07942,groupA
1.653494,0.813395,5.384561,groupA
3.166385,3.628523,0.75511,groupA
6.769675,7.688144,0.990763,groupB
9.47068,2.751386,3.385149,groupB
6.117569,4.868692,9.167131,groupB
6.03449,3.042955,8.500623,groupA
0.045277,3.322742,1.557962,groupA
9.592077,0.646693,1.175595,groupB
3.334778,8.22739,1.960664,groupB
3.193046,2.882343,2.941128,groupA
3.564753,1.243201,0.128482,groupA
7.709915,1.585659,7.595962,groupA
1.094058,0.157594,2.910262,groupA
0.927403,5.916344,2.6364,groupA
8.562374,0.558606,1.085278,groupA
5.661586,1.152991,3.28823,groupA
3.669916,2.196447,2.418933,groupA
4.834651,2.235646,4.530144,groupA
3.515487,5.464698,3.086103,groupA
0.445908,1.333067,7.688315,groupA
4.152352,1.739735,3.088253,groupA
5.193948,7.009891,0.248132,groupB
6.422211,1.572919,2.473583,groupA
4.401479,0.39343,2.259564,groupA
2.325216,1.802353,3.178897,groupA
5.191966,0.069015,1.736842,groupA
1.763708,2.265504,6.955383,groupA
5.853345,0.643156,8.161531,groupA
0.086878,6.171907,4.023748,groupA
5.652497,3.055597,7.620666,groupA
2.704355,3.257521,2.025389,groupA
0.744346,0.959585,5.518481,groupA
1.39368,2.491083,9.602268,groupA
7.165859,1.693873,4.085399,groupA
4.314661,3.082592,1.511071,groupA
6.951326,2.287998,3.613401,groupA
0.504542,5.969798,7.203525,groupA
1.580643,0.175997,1.480328,groupA
5.680625,8.179138,8.179828,groupB
7.861148,0.922938,3.046252,groupA
5.468797,0.900891,4.285924,groupA
3.151655,9.41741,8.624759,groupB
7.240953,0.72699,8.418468,groupA
4.003608,3.973506,6.325713,groupA
5.92415,8.946775,5.729698,groupB
3.369094,5.600025,4.998905,groupA
0.943332,6.130333,3.322506,groupA
4.209769,3.811726,5.705752,groupA
3.62273,0.421168,3.557731,groupA
7.285503,1.685737,1.738688,groupA
0.597251,4.930099,4.047594,groupA
3.705893,5.622859,7.157114,groupA
4.955206,3.410374,2.716727,groupA
1.883393,6.029904,2.10145,groupA
0.544957,6.225875,4.538889,groupA
3.800345,4.369796,5.134125,groupA
1.668358,0.323754,5.020539,groupA
1.519178,1.913636,0.236606,groupA
2.397776,4.343497,7.87333,groupA
4.741212,1.25032,8.628423,groupA
0.473955,4.687965,3.593599,groupA
1.824861,6.409979,5.219602,groupA
6.955506,2.506574,3.874122,groupA
2.492696,6.068815,5.042123,groupA
3.806274,5.537654,6.237166,groupA
8.121403,1.011119,5.281355,groupA
0.669976,0.428675,6.554176,groupA
9.055215,2.685994,3.382783,groupB
0.052795,7.958964,9.11126,groupA
0.218323,4.451789,0.993178,groupA
1.087974,0.200689,5.908417,groupA
1.238441,0.236378,2.251865,groupA
5.544262,2.403134,3.098956,groupA
0.500977,1.168541,6.293225,groupA
4.767852,2.396443,2.333028,groupA
0.903352,0.174223,9.427775,groupA
3.014493,6.250855,5.878196,groupA
6.459123,1.069791,0.413373,groupA
5.572666,1.812848,7.125457,groupA
0.90601,2.058124,9.426414,groupA
5.466491,0.807075,3.964272,groupA
1.151067,3.460968,8.249121,groupA
3.030153,7.080829,8.760514,groupB
5.178581,0.793962,1.20845,groupA
1.476049,0.665606,4.62699,groupA
4.469019,2.38168,1.351779,groupA
0.252019,4.102663,4.116099,groupA
2.464241,4.395693,3.418484,groupA
0.828342,8.084469,8.464115,groupA
3.214981,5.274514,7.782389,groupA
2.687877,8.769148,6.315652,groupB
5.632627,3.811569,6.337808,groupA
8.616536,0.613755,3.704733,groupA
6.763126,1.127469,8.162615,groupA
3.245218,5.098424,1.988149,groupA
6.744048,1.531689,5.546349,groupA
8.64741,0.366911,7.709005,groupA
2.277014,7.01145,3.553129,groupA
2.209529,2.44711,7.747565,groupA
5.764228,1.771404,7.770305,groupA
0.911112,5.291066,6.447741,groupA
1.070037,2.403589,0.769385,groupA
1.138545,5.427472,3.203211,groupA
2.504103,3.519655,2.35449,groupA
6.137466,2.934056,2.591156,groupA
3.736429,3.485094,7.944593,groupA
0.147578,4.518873,8.953815,groupA
4.903409,0.565499,0.360758,groupA
4.811195,0.178834,9.377145,groupA
5.046961,6.701884,1.225382,groupB
2.813385,5.004241,0.979524,groupA
0.560398,4.918307,2.556576,groupA
5.61887,1.037879,0.198247,groupA
6.234461,0.262146,5.725594,groupA
1.6145,6.16343,6.913731,groupA
0.838048,2.98342,5.364321,groupA
0.134677,8.392286,9.92693,groupA
0.938953,3.245296,8.448615,groupA
6.354198,0.180259,9.842964,groupA
7.871623,0.003659,0.942441,groupA
1.500548,1.832597,4.792955,groupA
3.631508,4.665657,6.818111,groupA
1.072388,1.685614,7.740135,groupA
3.461637,1.82364,3.744817,groupA
3.26571,0.689821,1.914077,groupA
2.852021,5.706584,7.301151,groupA
2.864166,3.822012,7.701067,groupA
2.120512,2.403809,9.995,groupA
3.980735,5.312023,8.424538,groupA
1.692012,5.507586,2.066188,groupA
2.559626,0.229768,1.785127,groupA
6.329492,2.336508,7.776566,groupA
1.174607,8.342433,0.598556,groupB
2.854686,3.395912,0.174324,groupA
3.067635,4.612936,5.191399,groupA
1.29762,5.345624,3.349529,groupA
1.093305,5.371562,1.67386,groupA
4.549751,1.133644,5.454367,groupA
1.235012,4.91118,4.491429,groupA
5.620152,0.982212,7.750719,groupA
7.558579,3.52414,5.676982,groupB
3.896491,2.403614,9.471637,groupA
4.225404,1.513705,6.983171,groupA
7.101664,0.720878,4.19128,groupA
2.247684,5.609564,9.826582,groupA
3.101899,6.265445,0.519709,groupA
1.390918,8.661702,0.463863,groupB
6.236007,0.235076,1.038242,groupA
0.259868,1.210015,8.455674,groupA
1.237306,2.569879,8.715868,groupA
1.356267,4.855757,2.339408,groupA
2.987042,4.929648,7.269728,groupA
5.084149,1.645072,2.392659,groupA
2.400966,8.472319,0.36824,groupB
0.785387,1.153234,0.810865,groupA
1.79108,4.306597,9.603863,groupA
0.731312,5.402814,0.057565,groupA
0.645568,0.612855,4.013363,groupA
0.713161,8.076256,6.303738,groupA
1.5574,1.888442,9.017451,groupA
6.894269,2.564356,3.571045,groupA
1.289927,6.599511,7.265679,groupA
1.068673,2.88287,1.242632,groupA
3.61722,0.75212,0.985669,groupA
1.493264,9.51209,8.338354,groupB
2.056623,1.258789,4.71952,groupA
0.778491,7.760829,5.542033,groupA
6.613193,7.865628,7.340265,groupB
9.919663,4.329919,9.818528,groupB
5.782588,2.570863,7.248866,groupA
3.604062,2.579273,5.570925,groupA
3.725863,0.648577,1.402832,groupA
3.330046,3.559383,6.073786,groupA
4.774687,4.300713,7.28441,groupA
1.388718,7.18871,1.445127,groupA
4.436551,2.71897,2.185258,groupA
4.6892,0.747804,8.630039,groupA
6.423705,8.050697,1.358334,groupB
1.194084,7.878617,7.584355,groupA
0.91326,0.531527,2.528382,groupA
3.552026,3.136839,2.398647,groupA
2.379416,1.167843,0.742523,groupA
3.54307,0.127657,5.446742,groupA
0.812442,8.569727,8.832538,groupA
2.012036,4.516063,4.529925,groupA
2.050667,2.12811,6.67765,groupA
4.289276,3.67493,5.520508,groupA
3.720449,1.025267,2.868219,groupA
5.604356,3.742866,4.189937,groupA
4.821278,1.103823,1.203058,groupA
4.678091,3.583262,9.1737,groupA
6.667818,1.764097,4.694437,groupA
8.703276,0.69336,3.803091,groupA
7.717537,7.311705,0.58732,groupB
0.657126,5.07853,0.824386,groupA
4.373202,0.48135,6.977208,groupA
3.570111,2.986519,6.607869,groupA
5.068991,4.128267,4.697854,groupA
8.071194,4.00053,5.137799,groupB
3.709109,0.37723,6.122872,groupA
2.885211,1.267808,4.166017,groupA
3.096989,1.121624,4.44998,groupA
0.83275,5.410875,0.394255,groupA
2.047428,2.497496,7.345302,groupA
1.649876,4.782558,3.510809,groupA
1.607599,0.79759,4.977221,groupA
5.413616,0.664772,9.772734,groupA
1.000458,1.227682,3.758139,groupA
6.524746,1.25011,5.623626,groupA
6.403603,0.114555,7.972306,groupA
1.765384,3.83669,6.587643,groupA
3.633905,3.214067,1.026108,groupA
1.126015,3.599143,3.357445,groupA
1.417767,0.391264,0.861068,groupA
5.107891,2.359166,6.72364,groupA
1.86144,4.705485,2.432698,groupA
6.029875,2.539403,2.056948,groupA
4.854341,0.572713,7.298499,groupA
3.21667,4.725816,7.012141,groupA
1.212086,2.130785,5.489524,groupA
8.467134,0.393631,5.56956,groupA
0.968163,6.659021,9.758164,groupA
4.095411,2.920481,3.37639,groupA
0.261867,8.130888,8.216522,groupA
1.282814,2.493938,4.977422,groupA
6.362629,1.846664,6.477057,groupA
0.795983,3.074932,4.826257,groupA
2.006415,3.236032,7.480627,groupA
6.298263,1.817077,6.933173,groupA
9.517911,8.388465,6.939783,groupB
5.2164,1.077476,4.78737,groupA
7.799907,1.178751,6.540151,groupA
0.170846,6.010115,1.858532,groupA
3.950002,5.194012,4.431803,groupA
5.744893,2.076052,2.873978,groupA
0.553495,7.100605,9.680581,groupA
2.563812,1.977786,0.599187,groupA
8.208209,1.429444,2.48495,groupB
3.70382,3.742138,7.882439,groupA
0.632326,1.223722,7.97796,groupA
2.03586,6.413817,8.166854,groupA
1.736651,9.986348,3.41391,groupB
0.430813,1.60494,4.396307,groupA
2.172172,3.668021,1.760304,groupA
7.852428,0.979003,2.412312,groupA
1.36194,0.018418,4.854511,groupA
8.862781,0.337222,7.149804,groupA
7.125566,1.582018,0.596306,groupA
7.139558,1.741662,3.235455,groupA
4.312707,0.158925,2.37124,groupA
5.305833,8.271081,1.290945,groupB
3.61495,1.038237,6.47396,groupA
1.273378,1.900801,0.53954,groupA
3.581041,0.481617,9.182321,groupA
1.575108,0.595209,9.917474,groupA
1.642097,2.025253,3.53576,groupA
0.318235,2.539958,7.001101,groupA
3.882835,3.252233,3.633427,groupA
1.577437,7.438389,7.867762,groupA
1.289596,3.970419,3.845108,groupA
4.068893,3.432732,7.193046,groupA
3.847509,4.731672,7.308254,groupA
3.205372,0.764024,9.645625,groupA
0.341133,7.350598,5.610085,groupA
1.989116,7.2988,6.579426,groupA
0.458882,8.431863,1.953235,groupA
2.584888,1.187328,0.011426,groupA
1.783391,3.720849,4.246877,groupA
0.525496,5.298566,3.680551,groupA
3.552273,4.577046,2.192229,groupA
5.351017,0.717133,6.259612,groupA
4.824705,2.362792,5.274782,groupA
7.856085,1.033701,0.149326,groupA
0.02905,1.698163,3.324601,groupA
3.829351,0.672925,1.996016,groupA
2.589073,5.495247,0.417993,groupA
5.142798,3.363179,6.785749,groupA
4.131531,4.766586,5.937507,groupA
0.525878,8.40889,1.437143,groupA
4.597144,4.771266,1.490758,groupA
1.330054,9.463255,6.458159,groupB
7.327485,6.734933,6.260838,groupB
4.899609,4.962172,7.263757,groupB
8.126253,0.278026,2.808892,groupA
5.440547,3.051252,9.541202,groupA
3.464661,0.629853,4.579516,groupA
4.668112,3.500386,2.487313,groupA
1.07409,4.072373,6.843506,groupA
0.346963,0.69358,5.917316,groupA
7.840498,1.113734,2.262996,groupA
1.782653,3.291949,0.81155,groupA
2.767731,3.584195,3.765162,groupA
4.803913,6.713935,2.084922,groupB
0.073093,5.21402,5.067079,groupA
6.96284,0.873117,3.927216,groupA
0.497932,1.77225,3.685593,groupA
1.300349,0.230209,1.937865,groupA
9.449425,2.266972,8.958949,groupB
5.755069,0.489442,5.595843,groupA
3.969996,3.318924,3.729969,groupA
1.467919,5.967886,0.026962,groupA
3.708291,1.034793,1.641506,groupA
1.356866,8.108962,3.930763,groupA
2.724134,5.723695,3.513683,groupA
6.556811,0.023531,5.186581,groupA
2.220944,5.646601,3.574756,groupA
6.521246,0.55286,0.06999,groupA
3.354378,2.480576,5.729435,groupA
7.201108,1.360157,8.199808,groupA
1.834764,6.332945,2.978798,groupA
8.174026,0.462931,7.906604,groupA
3.779562,4.544241,1.394595,groupA
1.365996,5.767925,1.759119,groupA
2.562051,5.936439,8.623651,groupA
5.20952,2.51918,5.630956,groupA
1.840055,1.171194,2.770096,groupA
8.611959,6.977766,8.825878,groupB
0.870357,3.093761,6.882514,groupA
2.033814,9.113702,2.452429,groupB
1.833901,0.375767,6.675542,groupA
5.476698,0.909072,8.008392,groupA
2.497132,3.62849,7.741412,groupA
6.326191,6.746737,1.139923,groupB
2.085847,4.178307,4.133948,groupA
3.620061,0.176252,0.91641,groupA
0.54923,8.611633,4.53113,groupA
3.759307,1.8999,0.739464,groupA
0.726343,3.320179,1.195781,groupA
2.189047,2.712442,8.814536,groupA
1.404169,4.697443,2.807597,groupA
9.096788,2.817561,2.373452,groupB
4.691101,4.054996,4.593905,groupA
5.027625,2.879245,0.184686,groupA
0.926058,4.499524,1.551474,groupA
6.052417,2.039337,6.43749,groupA
5.615727,0.301858,3.431645,groupA
1.487635,4.36488,5.504495,groupA
0.524606,0.189519,7.893684,groupA
1.850785,7.510109,1.979551,groupA
4.135519,3.179435,9.389185,groupA
1.433845,6.449105,7.475763,groupA
0.469581,3.968869,2.122816,groupA
0.513364,2.065073,1.398776,groupA
5.224709,3.899257,2.579058,groupA
1.514825,1.758019,6.000171,groupA
1.801812,4.353481,8.892039,groupA
6.00356,1.846037,2.191394,groupA
2.92496,5.713931,2.191203,groupA
3.962471,4.094577,8.368451,groupA
7.122861,0.355606,4.157022,groupA
0.642774,5.064484,0.196911,groupA
2.590703,3.607129,5.537913,groupA
2.009555,6.235668,2.585741,groupA
3.688155,4.379884,7.279155,groupA
1.460242,0.494015,6.116602,groupA
1.349102,0.241053,4.937574,groupA
0.966973,3.829807,3.817972,groupA
2.436199,2.233161,3.710021,groupA
1.142859,6.136445,3.121609,groupA
9.541723,2.968302,9.311125,groupB
4.269716,1.588638,2.09352,groupA
1.581845,3.399258,8.209041,groupA
4.272877,1.885995,4.95634,groupA
0.588468,5.179651,5.959797,groupA
7.774085,5.893949,5.810988,groupB
1.350119,4.555557,8.32429,groupA
1.685676,3.50924,8.398694,groupA
0.564994,3.436376,0.419225,groupA
5.948286,0.500755,2.58072,groupA
2.987752,6.28067,4.461573,groupA
0.344897,3.458931,9.259638,groupA
0.929894,1.720117,5.455579,groupA
0.031414,3.110628,3.404706,groupA
1.021978,7.409184,0.150599,groupA
6.700337,1.860561,3.658598,groupA
1.42762,7.116785,4.268907,groupA
2.742533,4.716664,7.978609,groupA
8.315903,0.19154,1.548519,groupA
4.870644,3.071175,3.648717,groupA
0.713923,4.303064,4.763549,groupA
1.3906,5.199063,6.446696,groupA
4.32536,0.819012,9.735043,groupA
7.95217,9.504574,4.710328,groupB
0.479783,0.214886,6.128845,groupA
1.281489,8.386033,1.465978,groupB
6.855053,0.657441,4.217122,groupA
0.997416,5.859073,5.973539,groupA
4.532905,0.13058,2.17624,groupA
8.351044,0.905032,6.424826,groupA
3.462786,0.49019,9.221724,groupA
0.112513,5.727537,3.992695,groupA
1.349039,6.920162,1.005231,groupA
3.101391,1.523735,5.166198,groupA
6.398119,0.179915,1.563947,groupA
2.22503,2.406783,3.400386,groupA
2.534114,3.670269,3.534001,groupA
1.774796,7.030351,0.255684,groupA
1.49705,2.391686,8.888468,groupA
1.226292,9.165067,8.533704,groupB
3.002663,3.282604,9.068485,groupA
3.297522,0.904499,2.816095,groupA
0.324357,8.76124,1.127886,groupA
3.925973,2.920401,7.027032,groupA
3.40683,3.623639,5.784997,groupA
4.774976,4.608609,7.1368,groupA
6.404782,0.513012,7.993908,groupA
3.626184,5.234255,4.668938,groupA
0.259865,0.896491,1.076111,groupA
4.824689,1.353092,6.487079,groupA
2.012223,1.76727,4.737683,groupA
3.048512,1.45459,1.131678,groupA
8.259649,1.101415,9.303857,groupA
3.239399,9.33097,5.360356,groupB
7.977401,1.215276,7.462289,groupA
5.754366,2.77659,2.260712,groupA
1.421837,7.985383,9.774007,groupA
5.424097,1.906176,8.49208,groupA
4.811846,4.032824,3.520268,groupA
0.575039,6.00167,5.425972,groupA
2.820428,4.039484,6.163191,groupA
6.434134,1.092511,7.13518,groupA
3.436973,0.522839,0.438005,groupA
4.045866,2.792158,6.547625,groupA
2.861979,0.662758,7.140305,groupA
6.481161,6.758251,7.123951,groupB
5.000647,3.939679,9.970407,groupA
1.131681,9.429606,0.958841,groupB
2.439192,0.236125,2.4431,groupA
1.076351,6.616447,3.952567,groupA
6.281488,2.785417,9.918695,groupA
4.488452,2.943202,0.031935,groupA
5.531012,2.257714,3.930003,groupA
4.493605,0.924791,3.755123,groupA
1.979179,6.084921,6.840028,groupA
1.569809,2.377771,2.728331,groupA
6.222775,9.566712,9.614198,groupB
3.236584,2.702599,9.757335,groupA
1.443936,1.493418,2.237851,groupA
8.76663,1.404173,2.65011,groupB
2.845669,2.657714,3.030065,groupA
2.127503,0.656256,5.197113,groupA
7.173962,1.473414,2.637547,groupA
0.475609,5.958471,4.056993,groupA
0.515039,7.480714,2.639272,groupA
5.672551,0.373145,1.201907,groupA
0.748318,3.443668,2.66019,groupA
4.165604,4.305848,4.868782,groupA
1.535474,7.431958,0.962938,groupA
6.996068,2.43829,0.165513,groupA
0.420436,8.644457,5.009067,groupA
1.399095,2.284297,4.491739,groupA
7.604303,5.735554,4.720836,groupB
8.002676,0.360753,4.230816,groupA
2.760375,9.056207,6.719422,groupB
1.571519,9.419843,6.504087,groupB
6.310054,1.037304,4.057404,groupA
2.084549,1.358103,4.406511,groupA
0.569169,4.505028,6.114752,groupA
2.832173,5.288172,4.114807,groupA
0.135776,8.081734,2.271145,groupA
6.069744,7.075861,2.189917,groupB
3.224047,2.607975,9.412471,groupA
2.942189,2.491201,6.880967,groupA
5.182861,2.647833,2.543095,groupA
0.068664,8.403092,1.07742,groupA
1.469013,2.681935,8.212406,groupA
2.988199,2.71946,9.548392,groupA
0.633515,2.387764,4.581869,groupA
0.537667,4.10447,1.095868,groupA
2.838261,3.542548,8.340289,groupA
2.809753,4.928266,1.605476,groupA
3.135207,3.125911,0.345008,groupA
6.86813,0.642348,9.063964,groupA
3.088035,1.742944,9.268978,groupA
4.414299,2.448284,5.049521,groupA
1.69518,2.70443,1.140668,groupA
2.996956,1.685713,4.061015,groupA
1.533927,4.803695,6.721491,groupA
6.451022,0.526979,5.056457,groupA
0.10903,1.133752,6.83926,groupA
0.910939,4.572522,5.617388,groupA
5.357544,7.628713,0.754822,groupB
6.090637,1.403892,2.716735,groupA
7.831405,1.049508,1.500146,groupA
1.558607,5.214198,7.161502,groupA
1.785997,1.191426,6.918009,groupA
6.694946,0.884504,5.94158,groupA
6.617701,0.991603,0.067375,groupA
0.676644,8.541093,9.482902,groupA
6.160278,1.323035,3.757948,groupA
0.75031,3.388897,5.997362,groupA
0.649339,5.018852,3.738644,groupA
1.094618,2.120992,7.1079,groupA
0.329673,9.044982,3.707318,groupA
3.453544,2.097747,3.052236,groupA
0.08474,6.66286,5.132761,groupA
6.332016,2.604525,5.53248,groupA
2.346081,5.878563,9.314995,groupA
5.046367,3.229583,0.906551,groupA
5.861706,3.317444,5.041125,groupA
5.746459,0.607156,8.682288,groupA
5.283923,1.919712,5.895839,groupA
2.819862,4.547304,8.01278,groupA
7.968348,0.415995,6.535525,groupA
1.153428,4.534675,6.752629,groupA
1.890497,1.849406,3.809476,groupA
5.409066,2.94535,8.888424,groupA
4.170736,5.389937,7.709903,groupB
8.661738,2.411576,3.928233,groupB
0.449251,0.67456,5.783188,groupA
0.384148,0.679743,8.800632,groupA
4.731288,4.280293,4.258411,groupA
5.543463,3.819724,3.305928,groupA
5.813025,3.170287,2.974115,groupA
0.87724,5.813032,2.611226,groupA
4.664025,1.197644,0.635607,groupA
0.912764,3.615573,1.852665,groupA
7.59261,1.297891,1.957019,groupA
9.397951,8.697679,0.994046,groupB
4.772945,4.33949,9.430449,groupA
2.589311,1.326219,9.620565,groupA
8.932463,8.965975,1.335228,groupB
0.454499,0.545708,9.784388,groupA
6.237395,4.928217,6.857754,groupB
8.444931,0.867457,5.188221,groupA
0.54817,1.323655,0.26354,groupA
1.591697,5.771867,9.924425,groupA
6.996157,0.623294,4.075063,groupA
1.462633,7.917463,2.096208,groupA
1.250217,2.05697,2.522786,groupA
0.595877,8.84314,9.399574,groupA
1.6723,1.741601,7.368998,groupA
3.335504,1.073,9.354602,groupA
3.28711,6.20124,9.611169,groupA
5.609328,6.563109,8.311318,groupB
3.478559,1.866565,6.512474,groupA
3.92512,7.405157,8.092379,groupB
6.292422,1.34766,1.372766,groupA
1.552263,1.92139,9.50157,groupA
4.312827,1.442892,8.626002,groupA
3.50945,1.782056,3.914125,groupA
3.819907,3.012401,3.024383,groupA
1.637089,7.530407,6.411794,groupA
4.58162,1.629865,7.157036,groupA
7.89268,0.60182,3.045019,groupA
1.08254,2.741934,6.606638,groupA
2.851494,5.056424,3.575759,groupA
3.355157,2.379899,1.780655,groupA
5.902874,1.690418,9.671025,groupA
2.921494,2.764768,6.427741,groupA
8.992978,3.536363,3.308304,groupB
5.233076,0.457181,4.777257,groupA
0.462563,2.919925,7.345423,groupA
0.166346,2.340134,0.758995,groupA
0.073086,8.858707,6.740134,groupA
2.632033,5.657776,0.929626,groupA
1.02337,8.649744,4.282466,groupB
4.018378,3.722199,9.880435,groupA
3.777652,3.443246,3.367812,groupA
0.72111,2.055274,0.357957,groupA
4.965166,2.758925,8.076635,groupA
7.885088,8.057148,3.748311,groupB
8.478874,0.673152,7.75559,groupA
4.287026,4.451352,6.123354,groupA
6.016325,0.498775,1.56359,groupA
2.640295,1.84192,4.042401,groupA
4.213793,0.243448,7.860891,groupA
0.639416,1.382224,0.504608,groupA
0.856041,3.422466,9.253622,groupA
1.91566,0.886746,0.278194,groupA
2.056469,5.341082,8.311797,groupA
5.272596,3.837312,3.012584,groupA
1.448988,2.688691,2.934585,groupA
3.442635,4.730233,3.344314,groupA
3.600292,3.065235,8.353561,groupA
4.025238,0.07712,8.538996,groupA
2.958384,3.454707,8.838136,groupA
3.613974,3.929515,7.301408,groupA
2.160466,0.521573,7.51896,groupA
1.424724,1.980487,6.873363,groupA
7.011318,6.781979,2.518487,groupB
2.890841,4.23624,7.760817,groupA
1.646332,1.630962,1.1029,groupA
3.195846,5.455466,6.500107,groupA
1.940458,3.993383,7.343832,groupA
1.271171,5.580249,9.65815,groupA
5.833765,0.982723,3.97873,groupA
0.769641,7.518514,0.941072,groupA
1.652468,0.408478,5.04757,groupA
3.358057,0.450287,0.905592,groupA
4.120289,0.863701,4.244392,groupA
0.6862,5.316063,9.813742,groupA
3.414914,3.587626,2.500801,groupA
2.386614,2.708107,2.015281,groupA
0.501013,4.288457,4.602202,groupA
4.104622,2.553389,2.652184,groupA
5.453708,6.144402,0.682629,groupB
2.021238,2.963792,8.416858,groupA
5.669308,2.050317,3.924998,groupA
2.309314,1.947129,1.919849,groupA
4.200648,1.208,3.438078,groupA
1.124106,7.106191,0.917444,groupA
3.387518,3.894644,4.67422,groupA
2.35742,0.592241,3.537838,groupA
4.26521,0.715788,6.060071,groupA
5.877589,3.208114,0.553523,groupA
7.619349,0.657206,5.574885,groupA
5.853329,0.982273,2.188038,groupA
7.655988,6.817296,1.444561,groupB
4.310147,3.427175,7.922058,groupA
2.196538,0.872479,3.602794,groupA
8.248842,1.240697,6.020681,groupA
2.247992,2.441247,2.336456,groupA
1.241114,5.009921,5.837308,groupA
3.640573,1.752386,5.763963,groupA
8.554908,6.143934,2.553061,groupB
3.178622,2.394667,9.194022,groupA
1.488288,0.193531,9.999809,groupA
6.348887,0.219931,1.771287,groupA
2.306278,1.069603,0.803241,groupA
1.786888,2.946327,3.837523,groupA
6.115506,0.728352,0.409682,groupA
9.417994,7.78307,8.533544,groupB
3.331123,1.752494,1.900277,groupA
6.148439,8.792409,2.48336,groupB
0.692,6.630145,3.720071,groupA
1.166049,7.175081,4.611943,groupA
6.700749,0.545976,9.704597,groupA
0.700332,0.784348,9.755996,groupA
1.994858,5.680997,8.306839,groupA
3.669532,1.304665,0.662782,groupA
3.4239,0.810457,4.813346,groupA
0.59471,0.6285,6.966977,groupA
2.760583,3.942334,4.789924,groupA
8.514848,0.028793,7.181279,groupA
0.780483,7.048442,6.878538,groupA
4.860073,3.586889,0.531543,groupA
5.38885,1.185843,6.62184,groupA
1.754858,0.998783,9.028704,groupA
2.812038,4.123396,2.772985,groupA
0.194328,1.762694,2.171567,groupA
4.593622,1.07965,3.371409,groupA
3.242999,9.22086,2.896887,groupB
7.288296,2.191462,7.232975,groupA
8.130862,7.72525,2.940666,groupB
5.107497,3.262376,5.48594,groupA
5.883718,3.446859,1.756324,groupA
